Date,Open Price,High Price,Low Price,Close Price,WAP,No.of Shares,No. of Trades,Total Turnover (Rs.),Deliverable Quantity,% Deli. Qty to Traded Qty,Spread High-Low,Spread Close-Open
31-March-2023,4530.05,4655.95,4530.05,4621.50,4623.142581143740340030,10352,1883,47858772.00,6704,64.76,125.90,91.45
29-March-2023,4550.00,4575.00,4522.95,4564.50,4555.016151685393258426,8544,1762,38918058.00,4733,55.40,52.05,14.50
28-March-2023,4483.00,4547.45,4480.50,4528.30,4534.934115253425887140,33422,2025,151566568.00,6343,18.98,66.95,45.30
27-March-2023,4472.05,4527.05,4472.00,4486.10,4502.928236397748592870,4264,1075,19200486.00,1550,36.35,55.05,14.05
24-March-2023,4423.40,4498.00,4423.40,4462.30,4468.165705054234941149,4333,1095,19360562.00,1762,40.66,74.60,38.90
23-March-2023,4489.95,4500.00,4434.30,4447.95,4471.731219408384762715,4699,1269,21012665.00,1838,39.11,65.70,-42.00
22-March-2023,4422.60,4480.00,4417.70,4476.00,4446.594001790510295434,2234,792,9933691.00,945,42.30,62.30,53.40
21-March-2023,4415.05,4479.40,4399.50,4419.30,4463.226020805645937399,21821,2547,97392055.00,17150,78.59,79.90,4.25
20-March-2023,4454.95,4491.95,4383.30,4441.80,4454.461116373256687461,30617,5969,136382236.00,22839,74.60,108.65,-13.15
17-March-2023,4426.00,4469.20,4397.65,4435.00,4427.719968072369296261,7517,2020,33283171.00,2301,30.61,71.55,9.00
16-March-2023,4380.00,4426.65,4369.10,4383.00,4390.937734668335419274,3196,955,14033437.00,1234,38.61,57.55,3.00
15-March-2023,4322.65,4424.00,4322.65,4396.85,4395.595905989385898407,3957,1293,17393373.00,1664,42.05,101.35,74.20
14-March-2023,4398.00,4418.95,4310.00,4349.05,4360.523892959541255176,6278,1811,27375369.00,1470,23.42,108.95,-48.95
13-March-2023,4352.05,4416.55,4346.10,4383.65,4375.290326649009963425,7929,1577,34691677.00,4295,54.17,70.45,31.60
10-March-2023,4385.00,4410.10,4352.75,4396.50,4386.287216380741560597,3614,1135,15852042.00,1077,29.80,57.35,11.50
9-March-2023,4420.00,4437.75,4375.00,4382.05,4398.413131900058105752,1721,604,7569669.00,500,29.05,62.75,-37.95
8-March-2023,4432.00,4443.40,4403.65,4425.25,4426.927339084273390842,3014,622,13342759.00,734,24.35,39.75,-6.75
6-March-2023,4404.05,4455.45,4404.05,4436.40,4441.206677265500794912,1887,531,8380557.00,740,39.22,51.40,32.35
3-March-2023,4402.10,4446.30,4364.00,4436.00,4418.390482193507721399,3173,706,14019553.00,1117,35.20,82.30,33.90
2-March-2023,4330.05,4399.95,4321.00,4390.05,4381.739365883483273648,11449,933,50166534.00,8428,73.61,78.95,60.00
1-March-2023,4331.45,4354.50,4298.40,4346.95,4323.885593220338983050,2596,819,11224807.00,546,21.03,56.10,15.50
28-February-2023,4426.15,4426.20,4301.10,4311.25,4368.727539322847240735,3751,1287,16387097.00,926,24.69,125.10,-114.90
27-February-2023,4489.10,4489.10,4355.30,4415.00,4402.455125797972211791,5326,1535,23447476.00,1705,32.01,133.80,-74.10
24-February-2023,4529.95,4529.95,4442.60,4499.35,4493.283644138258700558,8419,985,37828955.00,6044,71.79,87.35,-30.60
23-February-2023,4478.10,4512.00,4441.00,4451.95,4480.072892938496583143,3073,763,13767264.00,1547,50.34,71.00,-26.15
22-February-2023,4480.00,4520.75,4465.15,4475.20,4486.225939938519744620,8458,1960,37944499.00,4874,57.63,55.60,-4.80
21-February-2023,4503.00,4503.00,4459.35,4486.85,4476.780036968576709796,2164,482,9687752.00,984,45.47,43.65,-16.15
20-February-2023,4510.60,4539.45,4465.70,4473.30,4506.791285547979378014,6013,1393,27099336.00,1660,27.61,73.75,-37.30
17-February-2023,4470.05,4533.00,4464.55,4510.55,4499.545080914461854610,3893,876,17516729.00,993,25.51,68.45,40.50
16-February-2023,4549.95,4549.95,4510.00,4518.35,4530.601859024012393493,1291,409,5849007.00,514,39.81,39.95,-31.60
15-February-2023,4538.40,4561.55,4505.10,4519.25,4523.028683181225554106,3835,918,17345815.00,1505,39.24,56.45,-19.15
14-February-2023,4550.00,4562.30,4500.05,4541.35,4544.656168479989819940,15717,3932,71428361.00,12610,80.23,62.25,-8.65
13-February-2023,4534.95,4555.50,4505.30,4522.25,4528.467598625755242269,8441,1322,38224795.00,3256,38.57,50.20,-12.70
10-February-2023,4468.50,4503.55,4433.05,4498.10,4466.288963774220724515,2374,538,10602970.00,740,31.17,70.50,29.60
9-February-2023,4490.05,4526.90,4432.05,4486.65,4516.175450988915453162,18404,1799,83115693.00,13846,75.23,94.85,-3.40
8-February-2023,4442.00,4496.20,4431.95,4486.30,4475.078083407275953859,7889,1988,35303891.00,4173,52.90,64.25,44.30
7-February-2023,4332.05,4468.75,4332.05,4441.90,4437.818200270635994587,29560,3782,131181906.00,14873,50.31,136.70,109.85
6-February-2023,4306.05,4368.00,4288.55,4350.05,4326.561583171879324660,3613,942,15631867.00,555,15.36,79.45,44.00
3-February-2023,4371.00,4428.10,4318.10,4357.90,4365.185134371721410701,24782,4036,108178018.00,18841,76.03,110.00,-13.10
2-February-2023,4324.85,4376.90,4298.60,4370.05,4337.139979159430357763,2879,727,12486626.00,549,19.07,78.30,45.20
1-February-2023,4324.05,4376.20,4310.00,4350.50,4343.479062957540263543,3415,981,14832981.00,1080,31.63,66.20,26.45
31-January-2023,4332.05,4375.50,4293.55,4324.00,4330.151322077094616119,6278,1551,27184690.00,2266,36.09,81.95,-8.05
30-January-2023,4315.00,4338.25,4281.35,4331.45,4312.665331211239778277,18221,3718,78581075.00,12679,69.58,56.90,16.45
27-January-2023,4293.35,4382.35,4265.30,4318.30,4326.266539253160835048,20406,4515,88281795.00,4686,22.96,117.05,24.95
25-January-2023,4299.95,4299.95,4176.85,4204.55,4209.153011658031088082,6176,1138,25995729.00,2582,41.81,123.10,-95.40
24-January-2023,4338.00,4353.85,4235.95,4251.80,4291.396507666098807495,7044,1513,30228597.00,2825,40.10,117.90,-86.20
23-January-2023,4350.00,4355.10,4322.90,4338.75,4335.733687943262411347,2820,724,12226769.00,1210,42.91,32.20,-11.25
20-January-2023,4320.05,4400.00,4320.05,4351.50,4353.319406267179769103,1819,457,7918688.00,326,17.92,79.95,31.45
19-January-2023,4385.70,4385.70,4320.00,4331.45,4342.905867182462927143,3102,582,13471694.00,766,24.69,65.70,-54.25
18-January-2023,4352.00,4394.95,4346.40,4361.95,4376.911384763974405408,8283,1439,36253957.00,4038,48.75,48.55,9.95
17-January-2023,4326.05,4359.00,4308.00,4352.10,4331.742928612661150663,5197,976,22512068.00,2484,47.80,51.00,26.05
16-January-2023,4310.05,4351.00,4290.45,4326.50,4317.007368877329865626,2307,725,9959336.00,882,38.23,60.55,16.45
13-January-2023,4338.95,4340.00,4291.10,4323.70,4326.344218415417558886,7472,1249,32326444.00,3741,50.07,48.90,-15.25
12-January-2023,4267.65,4320.00,4243.95,4310.65,4275.554599761051373954,4185,1171,17893196.00,1060,25.33,76.05,43.00
11-January-2023,4294.55,4319.00,4244.85,4263.30,4277.459143155694879832,4785,1099,20467642.00,1085,22.68,74.15,-31.25
10-January-2023,4322.00,4345.00,4284.20,4288.45,4312.805115712545676004,3284,838,14163252.00,942,28.68,60.80,-33.55
9-January-2023,4298.00,4339.00,4289.20,4332.80,4324.150196809612595815,4827,1005,20872673.00,2595,53.76,49.80,34.80
6-January-2023,4275.05,4316.75,4260.00,4268.50,4281.740202275600505689,3164,868,13547426.00,967,30.56,56.75,-6.55
5-January-2023,4260.00,4303.05,4240.55,4296.20,4280.410315186246418338,8725,1725,37346580.00,3932,45.07,62.50,36.20
4-January-2023,4219.05,4260.00,4219.05,4254.85,4244.226063829787234042,3760,723,15958290.00,1510,40.16,40.95,35.80
3-January-2023,4220.75,4262.60,4219.35,4237.70,4236.582226379794200187,5345,1040,22644532.00,2210,41.35,43.25,16.95
2-January-2023,4274.95,4274.95,4213.00,4237.75,4230.132888349514563106,4944,936,20913777.00,1085,21.95,61.95,-37.20
30-December-2022,4299.95,4299.95,4222.05,4234.40,4253.074307304785894206,3970,768,16884705.00,1102,27.76,77.90,-65.55
29-December-2022,4285.00,4353.25,4225.00,4259.10,4282.414880433285904438,21787,3334,93300973.00,3222,14.79,128.25,-25.90
28-December-2022,4260.00,4266.00,4218.00,4253.25,4243.233958538993089832,4052,848,17193584.00,806,19.89,48.00,-6.75
27-December-2022,4299.95,4299.95,4201.50,4248.65,4233.219397228967290387,7001,1203,29636769.00,1947,27.81,98.45,-51.30
26-December-2022,4349.95,4349.95,4230.00,4247.55,4257.034329464065201284,12147,2535,51710196.00,3528,29.04,119.95,-102.40
23-December-2022,4350.00,4414.90,4293.80,4311.60,4354.616915008740531091,12013,1874,52312013.00,2496,20.78,121.10,-38.40
22-December-2022,4438.95,4456.00,4315.05,4349.05,4379.550328810948515907,16879,3480,73922430.00,8911,52.79,140.95,-89.90
21-December-2022,4376.00,4432.40,4354.35,4410.50,4406.728548104251073350,16537,3012,72874070.00,5983,36.18,78.05,34.50
20-December-2022,4397.95,4397.95,4309.70,4370.20,4340.144069206454832806,6011,1426,26088606.00,1453,24.17,88.25,-27.75
19-December-2022,4316.05,4408.00,4316.05,4398.00,4370.678212412587412587,9152,1939,40000447.00,3118,34.07,91.95,81.95
16-December-2022,4459.85,4459.85,4262.95,4309.30,4348.942078060951702013,33666,4809,146411484.00,17430,51.77,196.90,-150.55
15-December-2022,4503.00,4527.00,4458.90,4471.30,4477.907574844283705043,4977,928,22286546.00,1939,38.96,68.10,-31.70
14-December-2022,4411.05,4510.00,4411.05,4503.30,4492.751986049215268358,5161,968,23187093.00,2593,50.24,98.95,92.25
13-December-2022,4454.00,4474.05,4440.10,4455.75,4459.448979591836734693,6958,1113,31028846.00,3577,51.41,33.95,1.75
12-December-2022,4399.10,4462.50,4396.50,4451.25,4441.884302424139684692,11798,1779,52405351.00,6130,51.96,66.00,52.15
9-December-2022,4355.35,4414.75,4355.35,4408.00,4391.814496178414503563,27083,1723,118943512.00,21907,80.89,59.40,52.65
8-December-2022,4362.40,4375.75,4332.40,4355.35,4354.474267251327025155,8666,1225,37735874.00,2795,32.25,43.35,-7.05
7-December-2022,4374.00,4381.85,4321.00,4362.40,4350.617263620145464525,7287,950,31702948.00,4113,56.44,60.85,-11.60
6-December-2022,4442.05,4461.60,4366.15,4374.00,4395.946300211416490486,7095,1135,31189239.00,3452,48.65,95.45,-68.05
5-December-2022,4520.00,4527.95,4451.00,4479.35,4484.649283809760029763,32254,2937,144647878.00,22570,69.98,76.95,-40.65
2-December-2022,4472.30,4525.00,4464.15,4512.20,4494.197310210582197841,5651,887,25396709.00,2190,38.75,60.85,39.90
1-December-2022,4475.05,4530.00,4448.50,4472.25,4478.203728609191670917,43126,5348,193127014.00,35929,83.31,81.50,-2.80
30-November-2022,4452.60,4513.65,4440.10,4485.95,4485.979797979797979797,9702,1566,43522976.00,3081,31.76,73.55,33.35
29-November-2022,4401.15,4475.95,4401.15,4452.55,4449.642446808510638297,9400,1323,41826639.00,1363,14.50,74.80,51.40
28-November-2022,4408.00,4445.50,4388.95,4401.15,4408.971086159753330618,17189,2530,75785804.00,8846,51.46,56.55,-6.85
25-November-2022,4414.00,4431.15,4389.50,4418.00,4416.743202546893822061,23244,1311,102662779.00,16629,71.54,41.65,4.00
24-November-2022,4416.05,4441.35,4376.05,4415.05,4408.064029850746268656,6700,1760,29534029.00,1717,25.63,65.30,-1.00
23-November-2022,4395.95,4419.25,4370.65,4407.20,4400.693098871930988719,6028,762,26527378.00,1960,32.51,48.60,11.25
22-November-2022,4351.35,4400.00,4326.90,4361.90,4363.657600992204110559,11288,1401,49256967.00,1973,17.48,73.10,10.55
21-November-2022,4370.00,4389.45,4318.30,4351.30,4353.436170632571721715,25341,4938,110320426.00,14334,56.56,71.15,-18.70
18-November-2022,4450.00,4450.00,4378.00,4412.15,4407.444035346097201767,6790,1145,29926545.00,1277,18.81,72.00,-37.85
17-November-2022,4477.65,4485.40,4392.45,4411.95,4434.277240398293029871,7030,951,31172969.00,1839,26.16,92.95,-65.70
16-November-2022,4427.10,4540.35,4414.35,4477.65,4493.317990113827037322,22051,2945,99082155.00,5601,25.40,126.00,50.55
15-November-2022,4363.65,4446.40,4350.20,4436.65,4414.321515747564992771,42197,2438,186271125.00,7311,17.33,96.20,73.00
14-November-2022,4434.00,4452.90,4318.00,4365.75,4358.020126747555810324,31401,4282,136846190.00,8191,26.09,134.90,-68.25
11-November-2022,4555.20,4580.00,4505.70,4544.70,4546.382445967316816025,11382,1647,51746925.00,1795,15.77,74.30,-10.50
10-November-2022,4559.95,4614.20,4527.20,4547.55,4574.442786744427867444,22119,3440,101182100.00,6271,28.35,87.00,-12.40
9-November-2022,4520.05,4563.05,4500.00,4540.60,4529.213831680650902618,15732,2515,71253592.00,5526,35.13,63.05,20.55
7-November-2022,4524.15,4540.75,4445.10,4485.70,4476.656630024958844458,18831,2178,84299921.00,2630,13.97,95.65,-38.45
4-November-2022,4605.00,4605.00,4507.55,4524.15,4535.726444407121263016,23816,2420,108022861.00,4682,19.66,97.45,-80.85
3-November-2022,4548.00,4598.00,4533.15,4592.35,4569.921713004104777622,23631,3097,107991820.00,7243,30.65,64.85,44.35
2-November-2022,4567.85,4645.55,4547.85,4555.85,4588.500000000000000000,42648,4896,195690348.00,9163,21.49,97.70,-12.00
1-November-2022,4459.60,4580.00,4459.20,4539.80,4534.603330177646600211,17957,3692,81427872.00,3880,21.61,120.80,80.20
31-October-2022,4521.00,4625.00,4344.10,4431.40,4480.327422916843625244,47092,8273,210987579.00,8324,17.68,280.90,-89.60
28-October-2022,4497.65,4497.65,4431.55,4460.90,4476.136930983847283406,8172,1587,36578991.00,3191,39.05,66.10,-36.75
27-October-2022,4463.00,4518.00,4458.45,4489.55,4489.170071567989590110,7685,1604,34499272.00,2442,31.78,59.55,26.55
25-October-2022,4380.00,4475.85,4375.00,4441.25,4382.978545631467654709,106878,1808,468443981.00,100219,93.77,100.85,61.25
24-October-2022,4335.10,4386.40,4335.10,4377.10,4376.653648915187376725,2535,636,11094817.00,1735,68.44,51.30,42.00
21-October-2022,4311.60,4386.40,4309.95,4332.25,4358.708305046390586105,4419,982,19261132.00,1498,33.90,76.45,20.65
20-October-2022,4310.00,4353.50,4281.00,4348.80,4311.786332438078185616,3351,771,14448796.00,628,18.74,72.50,38.80
19-October-2022,4343.20,4388.15,4310.00,4316.65,4335.508726003490401396,4584,1361,19873972.00,1604,34.99,78.15,-26.55
18-October-2022,4374.95,4374.95,4336.05,4358.90,4351.987261146496815286,2669,576,11615454.00,877,32.86,38.90,-16.05
17-October-2022,4280.65,4373.75,4280.65,4333.35,4312.253418145882588408,159882,1726,689451701.00,156434,97.84,93.10,52.70
14-October-2022,4324.95,4336.70,4273.15,4312.75,4305.158073847200952867,5877,1197,25301414.00,2632,44.78,63.55,-12.20
13-October-2022,4235.05,4308.00,4235.05,4251.25,4271.611038420363982395,8407,1587,35911434.00,1356,16.13,72.95,16.20
12-October-2022,4286.05,4309.45,4215.90,4241.35,4245.980106809078771695,7490,1436,31802391.00,2553,34.09,93.55,-44.70
11-October-2022,4405.00,4405.00,4252.00,4283.60,4370.753948020250595072,165526,2607,723473418.00,159413,96.31,153.00,-121.40
10-October-2022,4369.85,4387.10,4320.90,4380.90,4359.019310950186526223,4557,1016,19864051.00,1431,31.40,66.20,11.05
7-October-2022,4398.95,4407.95,4369.25,4372.95,4386.557281884924022537,5857,1261,25692066.00,1744,29.78,38.70,-26.00
6-October-2022,4420.05,4446.15,4372.25,4398.70,4405.443296548485559990,4259,971,18762783.00,923,21.67,73.90,-21.35
4-October-2022,4440.00,4449.50,4379.15,4412.00,4411.415685547418188560,10787,2377,47585941.00,5144,47.69,70.35,-28.00
3-October-2022,4270.95,4438.65,4270.95,4420.15,4400.043653045781309118,21144,3847,93034523.00,9230,43.65,167.70,149.20
30-September-2022,4398.90,4406.00,4275.00,4333.95,4350.727455077308817384,23930,2868,104112908.00,9938,41.53,131.00,-64.95
29-September-2022,4261.40,4403.65,4261.40,4359.20,4357.524950600633566477,31883,3785,138930968.00,17465,54.78,142.25,97.80
28-September-2022,4185.00,4296.15,4181.85,4267.20,4250.704148422335575317,22153,4268,94165849.00,9985,45.07,114.30,82.20
27-September-2022,4132.55,4199.00,4129.00,4182.10,4169.833520389075944631,5346,1513,22291930.00,2657,49.70,70.00,49.55
26-September-2022,4100.00,4157.65,4088.70,4132.50,4127.831278487633564970,13383,2373,55242766.00,7971,59.56,68.95,32.50
23-September-2022,4182.40,4213.60,4130.00,4139.50,4173.662613513929505925,6497,1670,27116286.00,2013,30.98,83.60,-42.90
22-September-2022,4132.85,4222.80,4110.00,4182.85,4175.786303749819024178,6907,1372,28842156.00,657,9.51,112.80,50.00
21-September-2022,4217.05,4268.00,4133.50,4149.50,4215.006594202898550724,13800,2725,58167091.00,4513,32.70,134.50,-67.55
20-September-2022,4111.20,4237.55,4107.85,4217.10,4195.132196162046908315,6097,1597,25577721.00,1823,29.90,129.70,105.90
19-September-2022,4078.00,4111.95,3996.10,4099.00,4075.968756473417333897,111031,2535,452558887.00,104174,93.82,115.85,21.00
16-September-2022,4120.00,4183.35,4061.00,4082.15,4119.807219947897283215,5374,1720,22139844.00,2060,38.33,122.35,-37.85
15-September-2022,4205.10,4227.85,4143.35,4168.60,4176.715852093782806485,8573,2319,35806985.00,3606,42.06,84.50,-36.50
14-September-2022,4187.45,4261.05,4187.45,4218.40,4236.547263681592039800,4221,1079,17882466.00,1351,32.01,73.60,30.95
13-September-2022,4262.90,4305.00,4238.00,4251.20,4269.511982570806100217,11934,2121,50952356.00,3423,28.68,67.00,-11.70
12-September-2022,4240.00,4299.90,4240.00,4262.60,4269.668926772568771793,10324,2253,44080062.00,3839,37.19,59.90,22.60
9-September-2022,4240.05,4319.50,4240.05,4255.65,4284.953754411585736886,8217,1586,35209465.00,1608,19.57,79.45,15.60
8-September-2022,4290.00,4293.25,4253.65,4270.45,4272.448898541731306236,16115,3706,68850514.00,9414,58.42,39.60,-19.55
7-September-2022,4209.00,4265.50,4209.00,4251.25,4238.005390835579514824,5194,1260,22012200.00,2075,39.95,56.50,42.25
6-September-2022,4230.00,4251.60,4185.75,4237.75,4225.296679603277274687,9276,1973,39193852.00,5711,61.57,65.85,7.75
5-September-2022,4214.90,4219.05,4156.50,4214.80,4189.318172983479105928,5145,1293,21554042.00,1177,22.88,62.55,-0.10
2-September-2022,4201.35,4230.60,4174.10,4188.40,4194.762156603496400763,6807,1722,28553746.00,2530,37.17,56.50,-12.95
1-September-2022,4241.95,4241.95,4199.00,4204.20,4217.027098614506927465,19632,2847,82788676.00,16228,82.66,42.95,-37.75
30-August-2022,4185.05,4256.15,4185.05,4244.60,4221.355063622102143977,5737,1189,24217914.00,1455,25.36,71.10,59.55
29-August-2022,4130.00,4221.85,4130.00,4208.50,4192.632433529531154860,4927,1213,20657100.00,1099,22.31,91.85,78.50
26-August-2022,4251.35,4276.85,4213.15,4222.00,4242.509690937663698271,11454,1826,48593706.00,3949,34.48,63.70,-29.35
25-August-2022,4200.20,4262.90,4200.20,4241.20,4243.417236485614759385,7751,1280,32890727.00,2446,31.56,62.70,41.00
24-August-2022,4239.00,4242.00,4197.40,4217.40,4214.414220278992296481,9606,1853,40483663.00,2834,29.50,44.60,-21.60
23-August-2022,4150.00,4235.00,4145.00,4226.05,4212.000034998075105869,28573,3895,120349477.00,15889,55.61,90.00,76.05
22-August-2022,4229.95,4232.00,4165.70,4189.90,4202.824454643906967149,19391,3074,81496969.00,13353,68.86,66.30,-40.05
19-August-2022,4241.00,4247.00,4185.00,4199.95,4220.078520853426172049,42511,5215,179399758.00,30357,71.41,62.00,-41.05
18-August-2022,4250.00,4250.00,4136.80,4225.55,4189.557124013607016407,43213,6266,181043332.00,11470,26.54,113.20,-24.45
17-August-2022,4304.70,4329.60,4294.20,4319.60,4318.025465433416340566,33732,2571,145655635.00,26780,79.39,35.40,14.90
16-August-2022,4262.00,4318.05,4262.00,4296.90,4301.302384933556279151,11363,2158,48875699.00,8099,71.28,56.05,34.90
12-August-2022,4256.00,4289.00,4224.45,4262.25,4264.642803457346862081,5322,1079,22696429.00,1651,31.02,64.55,6.25
11-August-2022,4246.60,4277.35,4238.80,4257.15,4260.368941892920578533,3941,826,16790114.00,1477,37.48,38.55,10.55
10-August-2022,4250.00,4263.00,4217.65,4242.40,4242.717010309278350515,5820,1195,24692613.00,1808,31.07,45.35,-7.60
8-August-2022,4199.00,4234.00,4169.20,4220.35,4210.172792928748517839,9277,1277,39057773.00,4270,46.03,64.80,21.35
5-August-2022,4147.00,4193.25,4147.00,4156.00,4170.360475754803293687,8744,1385,36465632.00,2773,31.71,46.25,9.00
4-August-2022,4102.00,4159.15,4090.40,4146.85,4133.564478869411604837,14718,2066,60837802.00,4574,31.08,68.75,44.85
3-August-2022,4080.00,4104.25,4040.00,4094.60,4074.868781049751601987,27778,4245,113191705.00,11188,40.28,64.25,14.60
2-August-2022,4114.00,4124.95,4071.60,4085.85,4091.859425399444902858,26662,3707,109097156.00,9663,36.24,53.35,-28.15
1-August-2022,4125.00,4139.00,4096.60,4111.80,4096.589357616983926710,182290,3662,746767274.00,149362,81.94,42.40,-13.20
29-July-2022,4200.00,4200.00,4055.75,4090.35,4096.943150325818290764,53404,7884,218793152.00,21146,39.60,144.25,-109.65
28-July-2022,4340.00,4340.00,4198.65,4259.20,4238.973100715924098144,14387,2642,60986106.00,3323,23.10,141.35,-80.80
27-July-2022,4212.00,4295.25,4164.50,4285.35,4245.480281459662902961,6111,1184,25944130.00,1362,22.29,130.75,73.35
26-July-2022,4326.05,4326.05,4195.00,4211.50,4220.379138513513513513,11840,2625,49969289.00,2954,24.95,131.05,-114.55
25-July-2022,4384.90,4389.95,4300.00,4332.15,4349.610103739865748409,22942,2573,99788755.00,5624,24.51,89.95,-52.75
22-July-2022,4383.10,4405.00,4354.65,4374.50,4385.075924180542465179,9549,1725,41873090.00,3487,36.52,50.35,-8.60
21-July-2022,4470.00,4481.85,4360.45,4373.00,4424.726685688541823096,6659,1336,29464255.00,2023,30.38,121.40,-97.00
20-July-2022,4498.00,4498.00,4440.00,4457.45,4461.990294511378848728,5976,1419,26664854.00,2537,42.45,58.00,-40.55
19-July-2022,4474.00,4499.00,4436.00,4448.65,4466.820024198427102238,6612,1449,29534614.00,1763,26.66,63.00,-25.35
18-July-2022,4599.00,4613.65,4456.50,4465.70,4544.711807835412562924,164484,1459,747532377.00,159542,97.00,157.15,-133.30
15-July-2022,4581.00,4612.45,4522.20,4542.80,4571.376137397634212920,8792,2141,40191539.00,3419,38.89,90.25,-38.20
14-July-2022,4500.00,4603.00,4500.00,4581.20,4556.971037305210136943,19059,3771,86851311.00,10885,57.11,103.00,81.20
13-July-2022,4500.00,4533.30,4450.00,4503.15,4502.206095102573224238,8433,1936,37967104.00,3378,40.06,83.30,3.15
12-July-2022,4499.00,4537.50,4427.00,4485.50,4502.735410615262740955,11361,2636,51155577.00,3335,29.35,110.50,-13.50
11-July-2022,4415.00,4568.00,4357.25,4502.75,4506.673530485578678349,13695,2774,61718894.00,3188,23.28,210.75,87.75
8-July-2022,4333.00,4412.00,4301.15,4403.50,4372.782377400024458847,16354,2310,71512483.00,5095,31.15,110.85,70.50
7-July-2022,4443.00,4443.00,4330.00,4338.35,4371.302823179791976225,6730,1634,29418868.00,2920,43.39,113.00,-104.65
6-July-2022,4415.00,4441.95,4382.55,4393.80,4411.238880108376608715,22145,1326,97686885.00,17608,79.51,59.40,-21.20
5-July-2022,4332.80,4467.85,4332.80,4389.45,4441.614813752554404330,27893,5927,123889962.00,17198,61.66,135.05,56.65
4-July-2022,4377.00,4412.95,4295.55,4365.70,4354.888288288288288288,4995,878,21752667.00,1858,37.20,117.40,-11.30
1-July-2022,4370.05,4392.00,4290.00,4384.35,4349.553121288108750164,7577,1733,32956564.00,2760,36.43,102.00,14.30
30-June-2022,4333.00,4417.90,4333.00,4399.90,4381.579154006350073401,29291,4294,128340835.00,22568,77.05,84.90,66.90
29-June-2022,4345.00,4406.45,4335.75,4363.30,4371.745766233766233766,9625,1859,42078053.00,2712,28.18,70.70,18.30
28-June-2022,4320.00,4381.00,4312.15,4374.65,4349.769556772028959915,5663,1053,24632745.00,1097,19.37,68.85,54.65
27-June-2022,4400.00,4400.00,4305.00,4317.15,4361.143860250042815550,5839,1287,25464719.00,1463,25.06,95.00,-82.85
24-June-2022,4310.00,4370.00,4292.35,4308.75,4320.755122801918325824,6881,1656,29731116.00,2009,29.20,77.65,-1.25
23-June-2022,4275.00,4304.60,4258.10,4296.20,4283.909040178571428571,5376,1143,23030295.00,539,10.03,46.50,21.20
22-June-2022,4285.00,4345.85,4164.00,4250.60,4240.274859149776834711,27334,3542,115903673.00,14531,53.16,181.85,-34.40
21-June-2022,4169.35,4276.45,4168.20,4271.05,4248.996382292968493060,15203,2548,64597492.00,6746,44.37,108.25,101.70
20-June-2022,4164.85,4177.70,4106.65,4152.90,4146.750111684197701336,24623,1650,102105428.00,17076,69.35,71.05,-11.95
17-June-2022,4287.00,4290.10,4066.70,4143.55,4145.169457042343067859,23593,5211,97796983.00,7674,32.53,223.40,-143.45
16-June-2022,4350.00,4358.10,4278.00,4287.00,4312.276715676613189325,25369,3961,109398148.00,15124,59.62,80.10,-63.00
15-June-2022,4285.00,4348.00,4285.00,4336.75,4330.992136956305364785,10047,1832,43513478.00,6329,62.99,63.00,51.75
14-June-2022,4260.00,4322.20,4238.05,4309.85,4283.672023295944779982,9272,1647,39718207.00,2263,24.41,84.15,49.85
13-June-2022,4296.00,4353.00,4257.05,4268.25,4302.717231075697211155,10040,2699,43199281.00,4443,44.25,95.95,-27.75
10-June-2022,4326.00,4363.80,4283.80,4353.00,4339.419331476323119777,17950,2954,77892577.00,10440,58.16,80.00,27.00
9-June-2022,4177.80,4333.40,4172.00,4326.10,4308.975482150184653262,38992,4210,168015572.00,19484,49.97,161.40,148.30
8-June-2022,4183.60,4210.25,4115.55,4199.90,4159.545029239766081871,18810,1635,78241042.00,11726,62.34,94.70,16.30
7-June-2022,4292.00,4292.00,4105.00,4142.15,4157.242816244300710423,18862,2974,78413914.00,7931,42.05,187.00,-149.85
6-June-2022,4305.00,4350.00,4273.75,4308.90,4311.691533298915849251,3874,701,16703493.00,1124,29.01,76.25,3.90
3-June-2022,4351.00,4390.40,4313.60,4334.35,4353.668082253017434063,4474,883,19478311.00,1438,32.14,76.80,-16.65
2-June-2022,4329.00,4359.00,4292.10,4330.75,4330.666301569916027747,5478,970,23723390.00,1615,29.48,66.90,1.75
1-June-2022,4341.00,4359.05,4302.00,4318.65,4323.363065134099616858,6525,1605,28209944.00,1778,27.25,57.05,-22.35
31-May-2022,4371.00,4396.65,4331.30,4369.45,4365.104021600113684808,7037,1629,30717237.00,1667,23.69,65.35,-1.55
30-May-2022,4368.10,4425.00,4350.00,4369.00,4377.469699080523822791,14356,2736,62842955.00,5575,38.83,75.00,0.90
27-May-2022,4291.00,4406.45,4270.20,4392.00,4353.903175791274593669,18704,3586,81435405.00,11450,61.22,136.25,101.00
26-May-2022,4310.00,4349.00,4290.00,4307.25,4320.206088992974238875,8540,2113,36894560.00,3038,35.57,59.00,-2.75
25-May-2022,4381.20,4396.35,4296.95,4304.95,4346.108271534512264689,17530,3447,76187278.00,9759,55.67,99.40,-76.25
24-May-2022,4252.25,4375.95,4252.25,4351.10,4330.466990386501863841,20388,2962,88289561.00,2913,14.29,123.70,98.85
23-May-2022,4280.00,4327.05,4249.00,4274.25,4290.287542008136312717,16961,2244,72767567.00,4099,24.17,78.05,-5.75
20-May-2022,3984.00,4299.00,3982.85,4246.30,4201.688545688545688545,69153,9338,290559368.00,13241,19.15,316.15,262.30
19-May-2022,3850.00,4014.20,3831.85,3928.05,3934.748412089501553322,79507,12445,312840042.00,24343,30.62,182.35,78.05
18-May-2022,3940.00,3984.00,3885.95,3908.10,3939.953055916775032509,7690,1806,30298239.00,1922,24.99,98.05,-31.90
17-May-2022,3926.10,3934.35,3872.00,3904.10,3899.111190817790530846,4182,752,16306083.00,956,22.86,62.35,-22.00
16-May-2022,3985.00,3985.00,3861.35,3887.25,3887.424770913390481820,3383,696,13151158.00,1197,35.38,123.65,-97.75
13-May-2022,3843.70,3978.25,3843.70,3923.50,3942.848837209302325581,5934,1425,23396865.00,1587,26.74,134.55,79.80
12-May-2022,3879.00,3898.00,3787.55,3874.85,3847.977713808153031850,10769,2368,41438872.00,2740,25.44,110.45,-4.15
11-May-2022,3949.00,3949.00,3853.20,3886.00,3896.741289321483989279,7089,1876,27623999.00,1529,21.57,95.80,-63.00
10-May-2022,3908.00,3934.80,3891.05,3911.55,3914.891167192429022082,5072,1237,19856328.00,1318,25.99,43.75,3.55
9-May-2022,3930.00,3935.15,3870.00,3908.50,3905.706682536983506206,5881,1170,22969461.00,1324,22.51,65.15,-21.50
6-May-2022,3940.00,3945.20,3882.50,3930.00,3916.154218750000000000,6400,1418,25063387.00,1605,25.08,62.70,-10.00
5-May-2022,4029.00,4072.00,3952.60,3961.80,4025.327380952380952380,5544,1019,22316415.00,1049,18.92,119.40,-67.20
4-May-2022,4122.00,4128.40,3965.90,3989.25,4115.579126301829124618,148541,2285,611332239.00,139892,94.18,162.50,-132.75
2-May-2022,4100.00,4141.55,4070.55,4122.05,4102.804906738363300285,5951,1413,24415792.00,1593,26.77,71.00,22.05
29-April-2022,4164.50,4266.00,4118.80,4135.10,4203.177741935483870967,9300,1768,39089553.00,1838,19.76,147.20,-29.40
28-April-2022,4131.90,4150.00,4083.20,4118.65,4119.841073825503355704,3725,570,15346408.00,1767,47.44,66.80,-13.25
27-April-2022,4151.75,4160.25,4074.00,4076.45,4093.100792253521126760,4544,796,18599050.00,1772,39.00,86.25,-75.30
26-April-2022,4152.75,4182.90,4135.65,4154.45,4163.053147268408551068,3368,670,14021163.00,909,26.99,47.25,1.70
25-April-2022,4185.00,4185.00,4063.00,4111.70,4110.856709915711715124,10559,1815,43406536.00,3525,33.38,122.00,-73.30
22-April-2022,4300.00,4300.00,4168.00,4192.10,4214.345107359449270611,12202,2534,51423439.00,3562,29.19,132.00,-107.90
21-April-2022,4325.00,4351.00,4312.90,4318.60,4328.933186813186813186,4550,774,19696646.00,1191,26.18,38.10,-6.40
20-April-2022,4229.20,4336.25,4213.55,4291.45,4291.122399875814964296,12884,2425,55286821.00,5315,41.25,122.70,62.25
19-April-2022,4273.95,4341.40,4191.05,4211.45,4261.662459430219978362,5546,1228,23635180.00,1935,34.89,150.35,-62.50
18-April-2022,4278.00,4315.65,4232.10,4284.70,4263.632366940718303764,11555,1544,49266272.00,6255,54.13,83.55,6.70
13-April-2022,4340.00,4362.90,4290.00,4297.80,4314.604007961018461327,14571,2726,62868095.00,4282,29.39,72.90,-42.20
12-April-2022,4380.00,4405.30,4329.30,4372.50,4363.174768280123583934,9710,1718,42366427.00,2532,26.08,76.00,-7.50
11-April-2022,4480.00,4480.00,4374.20,4379.85,4403.545815415150512735,6046,1520,26623838.00,2025,33.49,105.80,-100.15
8-April-2022,4323.00,4476.00,4323.00,4430.15,4399.428173838578462855,14013,2433,61649187.00,4455,31.79,153.00,107.15
7-April-2022,4311.00,4357.40,4280.55,4316.60,4325.752434158020750199,6265,1326,27100839.00,1453,23.19,76.85,5.60
6-April-2022,4355.00,4355.00,4268.00,4272.45,4298.803588372293625463,11593,1460,49836030.00,5766,49.74,87.00,-82.55
5-April-2022,4349.00,4407.90,4304.45,4325.10,4359.440648523451071221,17270,2784,75287540.00,6155,35.64,103.45,-23.90
4-April-2022,4360.00,4360.00,4270.60,4317.25,4305.523158922002852638,13321,1933,57353874.00,2555,19.18,89.40,-42.75
1-April-2022,4320.00,4334.20,4267.60,4278.65,4300.330411585365853658,7872,1445,33852201.00,2317,29.43,66.60,-41.35
31-March-2022,4339.20,4387.50,4280.20,4305.40,4342.629801699716713881,8825,1737,38323708.00,2214,25.09,107.30,-33.80
